Wydzial,Oryginalna_Wada,Kategoria,Ilosc
Z2WF,Brak w dostawie - Brak w dostawie,PRODUKCJA,1.0
Z2WF,Brak w dostawie - Brak w dostawie,PRODUKCJA,1.0
Z1WD,Błąd produkcji  - błąd frezowania,PRODUKCJA,1.0
Z1WD,Błąd produkcji  - błąd frezowania,PRODUKCJA,6.0
Z1WD,Błąd produkcji  - błąd frezowania,PRODUKCJA,7.0
Z2WD,Błąd produkcji  - błąd frezowania,PRODUKCJA,4.0
Z2WF,Błąd produkcji  - błąd frezowania,PRODUKCJA,1.0
Z2WF,Błąd produkcji  - błąd frezowania,PRODUKCJA,1.0
Z2WF,Błąd produkcji  - błąd frezowania,PRODUKCJA,6.0
Z2WF,Błąd produkcji  - błąd frezowania,PRODUKCJA,6.0
Z3WD,Błąd produkcji  - błąd frezowania,PRODUKCJA,5.0
Z3WD,Błąd produkcji  - błąd frezowania,PRODUKCJA,5.0
Z3WD,Błąd produkcji  - błąd frezowania,PRODUKCJA,3.0
Z3WD,Błąd produkcji  - błąd frezowania,PRODUKCJA,4.0
Z3WD,Błąd produkcji  - błąd frezowania,PRODUKCJA,7.0
Z4WD,Błąd produkcji  - błąd frezowania,PRODUKCJA,1.0
Z4WD,Błąd produkcji  - błąd frezowania,PRODUKCJA,1.0
Z4WD,Błąd produkcji  - błąd frezowania,PRODUKCJA,2.0
Z4WF,Błąd produkcji  - błąd frezowania,PRODUKCJA,2.0
Z4WF,Błąd produkcji  - błąd frezowania,PRODUKCJA,2.0
Z1WD,Błąd produkcji - nieprawidłowe wymiary,PRODUKCJA,2.0
Z1WD,Błąd produkcji - nieprawidłowe wymiary,PRODUKCJA,2.0
Z1WD,Błąd produkcji - nieprawidłowe wymiary,PRODUKCJA,2.0
Z1WD,Błąd produkcji - nieprawidłowe wymiary,PRODUKCJA,6.0
Z2WD,Błąd produkcji - nieprawidłowe wymiary,PRODUKCJA,3.0
Z2WF,Błąd produkcji - nieprawidłowe wymiary,PRODUKCJA,1.0
Z2WF,Błąd produkcji - nieprawidłowe wymiary,PRODUKCJA,1.0
Z2WF,Błąd produkcji - nieprawidłowe wymiary,PRODUKCJA,2.0
Z2WF,Błąd produkcji - nieprawidłowe wymiary,PRODUKCJA,25.0
Z2WF,Błąd produkcji - nieprawidłowe wymiary,PRODUKCJA,25.0
Z3WD,Błąd produkcji - nieprawidłowe wymiary,PRODUKCJA,5.0
Z3WD,Błąd produkcji - nieprawidłowe wymiary,PRODUKCJA,5.0
Z3WD,Błąd produkcji - nieprawidłowe wymiary,PRODUKCJA,12.0
Z3WD,Błąd produkcji - nieprawidłowe wymiary,PRODUKCJA,13.0
Z3WD,Błąd produkcji - nieprawidłowe wymiary,PRODUKCJA,2.0
Z3WD,Błąd produkcji - nieprawidłowe wymiary,PRODUKCJA,27.0
Z4WD,Błąd produkcji - nieprawidłowe wymiary,PRODUKCJA,13.0
Z4WD,Błąd produkcji - nieprawidłowe wymiary,PRODUKCJA,13.0
Z1WD,"Błąd produkcji - niezgodność z zamówieniem, konfiguracją",PRODUKCJA,2.0
Z1WD,"Błąd produkcji - niezgodność z zamówieniem, konfiguracją",PRODUKCJA,2.0
Z1WD,"Błąd produkcji - niezgodność z zamówieniem, konfiguracją",PRODUKCJA,4.0
Z2WF,"Błąd produkcji - niezgodność z zamówieniem, konfiguracją",PRODUKCJA,2.0
Z2WF,"Błąd produkcji - niezgodność z zamówieniem, konfiguracją",PRODUKCJA,1.0
Z2WF,"Błąd produkcji - niezgodność z zamówieniem, konfiguracją",PRODUKCJA,2.0
Z2WF,"Błąd produkcji - niezgodność z zamówieniem, konfiguracją",PRODUKCJA,5.0
Z3WD,"Błąd produkcji - niezgodność z zamówieniem, konfiguracją",PRODUKCJA,2.0
Z3WD,"Błąd produkcji - niezgodność z zamówieniem, konfiguracją",PRODUKCJA,4.0
Z3WD,"Błąd produkcji - niezgodność z zamówieniem, konfiguracją",PRODUKCJA,6.0
Z4WD,"Błąd produkcji - niezgodność z zamówieniem, konfiguracją",PRODUKCJA,1.0
Z4WD,"Błąd produkcji - niezgodność z zamówieniem, konfiguracją",PRODUKCJA,1.0
Z4WF,"Błąd produkcji - niezgodność z zamówieniem, konfiguracją",PRODUKCJA,1.0
Z4WF,"Błąd produkcji - niezgodność z zamówieniem, konfiguracją",PRODUKCJA,1.0
Z4WF,"Błąd produkcji - niezgodność z zamówieniem, konfiguracją",PRODUKCJA,1.0
Z1WD,Błąd produkcji - odklejanie wystroi/ramek/wstawek aluminiowych,PRODUKCJA,9.0
Z1WD,Błąd produkcji - odklejanie wystroi/ramek/wstawek aluminiowych,PRODUKCJA,9.0
Z2WF,Błąd produkcji - odklejanie wystroi/ramek/wstawek aluminiowych,PRODUKCJA,1.0
Z2WF,Błąd produkcji - odklejanie wystroi/ramek/wstawek aluminiowych,PRODUKCJA,1.0
Z3WD,Błąd produkcji - odklejanie wystroi/ramek/wstawek aluminiowych,PRODUKCJA,2.0
Z3WD,Błąd produkcji - odklejanie wystroi/ramek/wstawek aluminiowych,PRODUKCJA,2.0
Z1WD,Niezgodność z zamówieniem (brak okuć pozostałe poza całymi zawiasami)- Niewłaściwa realizacja zamówienia - błąd w produkcji,PRODUKCJA,1.0
Z1WD,Niezgodność z zamówieniem (brak okuć pozostałe poza całymi zawiasami)- Niewłaściwa realizacja zamówienia - błąd w produkcji,PRODUKCJA,1.0
Z1WD,Niezgodność z zamówieniem (brak okuć pozostałe poza całymi zawiasami)- Niewłaściwa realizacja zamówienia - błąd w produkcji,PRODUKCJA,2.0
Z2WD,Niezgodność z zamówieniem (brak okuć pozostałe poza całymi zawiasami)- Niewłaściwa realizacja zamówienia - błąd w produkcji,PRODUKCJA,1.0
Z2WD,Niezgodność z zamówieniem (brak okuć pozostałe poza całymi zawiasami)- Niewłaściwa realizacja zamówienia - błąd w produkcji,PRODUKCJA,2.0
Z2WF,Niezgodność z zamówieniem (brak okuć pozostałe poza całymi zawiasami)- Niewłaściwa realizacja zamówienia - błąd w produkcji,PRODUKCJA,4.0
Z2WF,Niezgodność z zamówieniem (brak okuć pozostałe poza całymi zawiasami)- Niewłaściwa realizacja zamówienia - błąd w produkcji,PRODUKCJA,6.0
Z2WF,Niezgodność z zamówieniem (brak okuć pozostałe poza całymi zawiasami)- Niewłaściwa realizacja zamówienia - błąd w produkcji,PRODUKCJA,2.0
Z2WF,Niezgodność z zamówieniem (brak okuć pozostałe poza całymi zawiasami)- Niewłaściwa realizacja zamówienia - błąd w produkcji,PRODUKCJA,12.0
Z3WD,Niezgodność z zamówieniem (brak okuć pozostałe poza całymi zawiasami)- Niewłaściwa realizacja zamówienia - błąd w produkcji,PRODUKCJA,3.0
Z3WD,Niezgodność z zamówieniem (brak okuć pozostałe poza całymi zawiasami)- Niewłaściwa realizacja zamówienia - błąd w produkcji,PRODUKCJA,2.0
Z3WD,Niezgodność z zamówieniem (brak okuć pozostałe poza całymi zawiasami)- Niewłaściwa realizacja zamówienia - błąd w produkcji,PRODUKCJA,5.0
Z4WF,Niezgodność z zamówieniem (brak okuć pozostałe poza całymi zawiasami)- Niewłaściwa realizacja zamówienia - błąd w produkcji,PRODUKCJA,1.0
Z4WF,Niezgodność z zamówieniem (brak okuć pozostałe poza całymi zawiasami)- Niewłaściwa realizacja zamówienia - błąd w produkcji,PRODUKCJA,5.0
Z4WF,Niezgodność z zamówieniem (brak okuć pozostałe poza całymi zawiasami)- Niewłaściwa realizacja zamówienia - błąd w produkcji,PRODUKCJA,6.0
Z2WD,Niezgodność z zamówieniem (brak okuć wszystkie całe zawiasy)- Niewłaściwa realizacja zamówienia -błąd w produkcji,PRODUKCJA,4.0
Z2WF,Niezgodność z zamówieniem (brak okuć wszystkie całe zawiasy)- Niewłaściwa realizacja zamówienia -błąd w produkcji,PRODUKCJA,4.0
Z2WF,Niezgodność z zamówieniem (brak okuć wszystkie całe zawiasy)- Niewłaściwa realizacja zamówienia -błąd w produkcji,PRODUKCJA,4.0
Z3WD,Niezgodność z zamówieniem (brak okuć wszystkie całe zawiasy)- Niewłaściwa realizacja zamówienia -błąd w produkcji,PRODUKCJA,1.0
Z3WD,Niezgodność z zamówieniem (brak okuć wszystkie całe zawiasy)- Niewłaściwa realizacja zamówienia -błąd w produkcji,PRODUKCJA,1.0
Z3WD,Niezgodność z zamówieniem (brak okuć wszystkie całe zawiasy)- Niewłaściwa realizacja zamówienia -błąd w produkcji,PRODUKCJA,5.0
Z3WD,Niezgodność z zamówieniem (brak okuć wszystkie całe zawiasy)- Niewłaściwa realizacja zamówienia -błąd w produkcji,PRODUKCJA,5.0
Z3WD,Niezgodność z zamówieniem (brak okuć wszystkie całe zawiasy)- Niewłaściwa realizacja zamówienia -błąd w produkcji,PRODUKCJA,10.0
Z4WF,Niezgodność z zamówieniem (brak okuć wszystkie całe zawiasy)- Niewłaściwa realizacja zamówienia -błąd w produkcji,PRODUKCJA,1.0
Z4WF,Niezgodność z zamówieniem (brak okuć wszystkie całe zawiasy)- Niewłaściwa realizacja zamówienia -błąd w produkcji,PRODUKCJA,1.0
Z1WD,Niezgodność z zamówieniem (pomylone okucia)- Niewłaściwa realizacja zamówienia -błąd w produkcji,PRODUKCJA,3.0
Z1WD,Niezgodność z zamówieniem (pomylone okucia)- Niewłaściwa realizacja zamówienia -błąd w produkcji,PRODUKCJA,7.0
Z1WD,Niezgodność z zamówieniem (pomylone okucia)- Niewłaściwa realizacja zamówienia -błąd w produkcji,PRODUKCJA,10.0
Z2WD,Niezgodność z zamówieniem (pomylone okucia)- Niewłaściwa realizacja zamówienia -błąd w produkcji,PRODUKCJA,9.0
Z2WD,Niezgodność z zamówieniem (pomylone okucia)- Niewłaściwa realizacja zamówienia -błąd w produkcji,PRODUKCJA,2.0
Z2WF,Niezgodność z zamówieniem (pomylone okucia)- Niewłaściwa realizacja zamówienia -błąd w produkcji,PRODUKCJA,3.0
Z2WF,Niezgodność z zamówieniem (pomylone okucia)- Niewłaściwa realizacja zamówienia -błąd w produkcji,PRODUKCJA,2.0
Z2WF,Niezgodność z zamówieniem (pomylone okucia)- Niewłaściwa realizacja zamówienia -błąd w produkcji,PRODUKCJA,5.0
Z2WF,Niezgodność z zamówieniem (pomylone okucia)- Niewłaściwa realizacja zamówienia -błąd w produkcji,PRODUKCJA,2.0
Z2WF,Niezgodność z zamówieniem (pomylone okucia)- Niewłaściwa realizacja zamówienia -błąd w produkcji,PRODUKCJA,2.0
Z2WF,Niezgodność z zamówieniem (pomylone okucia)- Niewłaściwa realizacja zamówienia -błąd w produkcji,PRODUKCJA,4.0
Z3WD,Niezgodność z zamówieniem (pomylone okucia)- Niewłaściwa realizacja zamówienia -błąd w produkcji,PRODUKCJA,4.0
Z3WD,Niezgodność z zamówieniem (pomylone okucia)- Niewłaściwa realizacja zamówienia -błąd w produkcji,PRODUKCJA,4.0
Z3WD,Niezgodność z zamówieniem (pomylone okucia)- Niewłaściwa realizacja zamówienia -błąd w produkcji,PRODUKCJA,4.0
Z3WD,Niezgodność z zamówieniem (pomylone okucia)- Niewłaściwa realizacja zamówienia -błąd w produkcji,PRODUKCJA,5.0
Z3WD,Niezgodność z zamówieniem (pomylone okucia)- Niewłaściwa realizacja zamówienia -błąd w produkcji,PRODUKCJA,9.0
Z4WD,Niezgodność z zamówieniem (pomylone okucia)- Niewłaściwa realizacja zamówienia -błąd w produkcji,PRODUKCJA,3.0
Z4WD,Niezgodność z zamówieniem (pomylone okucia)- Niewłaściwa realizacja zamówienia -błąd w produkcji,PRODUKCJA,1.0
Z4WD,Niezgodność z zamówieniem (pomylone okucia)- Niewłaściwa realizacja zamówienia -błąd w produkcji,PRODUKCJA,4.0
Z4WF,Niezgodność z zamówieniem (pomylone okucia)- Niewłaściwa realizacja zamówienia -błąd w produkcji,PRODUKCJA,2.0
Z4WF,Niezgodność z zamówieniem (pomylone okucia)- Niewłaściwa realizacja zamówienia -błąd w produkcji,PRODUKCJA,2.0
Z2WD,Niezgodność z zamówieniem - Niewłaściwa realizacja zamówienia -błąd przy wprowadzaniu zamówienia,PRODUKCJA,1.0
Z2WD,Niezgodność z zamówieniem - Niewłaściwa realizacja zamówienia -błąd przy wprowadzaniu zamówienia,PRODUKCJA,2.0
Z2WF,Niezgodność z zamówieniem - Niewłaściwa realizacja zamówienia -błąd przy wprowadzaniu zamówienia,PRODUKCJA,1.0
Z2WF,Niezgodność z zamówieniem - Niewłaściwa realizacja zamówienia -błąd przy wprowadzaniu zamówienia,PRODUKCJA,1.0
Z3WD,Niezgodność z zamówieniem - Niewłaściwa realizacja zamówienia -błąd przy wprowadzaniu zamówienia,PRODUKCJA,1.0
Z3WD,Niezgodność z zamówieniem - Niewłaściwa realizacja zamówienia -błąd przy wprowadzaniu zamówienia,PRODUKCJA,1.0
Z3WD,Niezgodność z zamówieniem - Niewłaściwa realizacja zamówienia -błąd przy wprowadzaniu zamówienia,PRODUKCJA,4.0
Z3WD,Niezgodność z zamówieniem - Niewłaściwa realizacja zamówienia -błąd przy wprowadzaniu zamówienia,PRODUKCJA,4.0
Z3WD,Niezgodność z zamówieniem - Niewłaściwa realizacja zamówienia -błąd przy wprowadzaniu zamówienia,PRODUKCJA,1.0
Z3WD,Niezgodność z zamówieniem - Niewłaściwa realizacja zamówienia -błąd przy wprowadzaniu zamówienia,PRODUKCJA,9.0
Z4WD,Niezgodność z zamówieniem - Niewłaściwa realizacja zamówienia -błąd przy wprowadzaniu zamówienia,PRODUKCJA,1.0
Z4WD,Niezgodność z zamówieniem - Niewłaściwa realizacja zamówienia -błąd przy wprowadzaniu zamówienia,PRODUKCJA,1.0
Z4WD,Niezgodność z zamówieniem - Niewłaściwa realizacja zamówienia -błąd przy wprowadzaniu zamówienia,PRODUKCJA,2.0
Z4WF,Niezgodność z zamówieniem - Niewłaściwa realizacja zamówienia -błąd przy wprowadzaniu zamówienia,PRODUKCJA,1.0
Z4WF,Niezgodność z zamówieniem - Niewłaściwa realizacja zamówienia -błąd przy wprowadzaniu zamówienia,PRODUKCJA,3.0
Z4WF,Niezgodność z zamówieniem - Niewłaściwa realizacja zamówienia -błąd przy wprowadzaniu zamówienia,PRODUKCJA,4.0
Z3WD,Niezgodność z zamówieniem - Niewłaściwa realizacja zamówienia -błąd wydania z magazynu,PRODUKCJA,2.0
Z3WD,Niezgodność z zamówieniem - Niewłaściwa realizacja zamówienia -błąd wydania z magazynu,PRODUKCJA,2.0
Z2WD,Uszkodzenia mechanczne - szyby,LOGISTYKA,1.0
Z1WD,Uszkodzenia mechaniczne - inne,LOGISTYKA,1.0
Z1WD,Uszkodzenia mechaniczne - inne,LOGISTYKA,1.0
Z2WD,Uszkodzenia mechaniczne - inne,LOGISTYKA,1.0
Z2WF,Uszkodzenia mechaniczne - inne,LOGISTYKA,1.0
Z2WF,Uszkodzenia mechaniczne - inne,LOGISTYKA,1.0
Z2WF,Uszkodzenia mechaniczne - inne,LOGISTYKA,2.0
Z3WD,Uszkodzenia mechaniczne - inne,LOGISTYKA,3.0
Z3WD,Uszkodzenia mechaniczne - inne,LOGISTYKA,3.0
Z3WD,Uszkodzenia mechaniczne - inne,LOGISTYKA,6.0
Z1WD,Uszkodzenia mechaniczne - obicia,LOGISTYKA,1.0
Z1WD,Uszkodzenia mechaniczne - obicia,LOGISTYKA,2.0
Z1WD,Uszkodzenia mechaniczne - obicia,LOGISTYKA,2.0
Z1WD,Uszkodzenia mechaniczne - obicia,LOGISTYKA,4.0
Z2WD,Uszkodzenia mechaniczne - obicia,LOGISTYKA,1.0
Z2WD,Uszkodzenia mechaniczne - obicia,LOGISTYKA,1.0
Z2WF,Uszkodzenia mechaniczne - obicia,LOGISTYKA,5.0
Z2WF,Uszkodzenia mechaniczne - obicia,LOGISTYKA,22.0
Z2WF,Uszkodzenia mechaniczne - obicia,LOGISTYKA,27.0
Z3WD,Uszkodzenia mechaniczne - obicia,LOGISTYKA,5.0
Z3WD,Uszkodzenia mechaniczne - obicia,LOGISTYKA,5.0
Z3WD,Uszkodzenia mechaniczne - obicia,LOGISTYKA,10.0
Z4WD,Uszkodzenia mechaniczne - obicia,LOGISTYKA,1.0
Z4WD,Uszkodzenia mechaniczne - obicia,LOGISTYKA,1.0
Z4WD,Uszkodzenia mechaniczne - obicia,LOGISTYKA,2.0
Z1WD,Uszkodzenia mechaniczne -rysy,LOGISTYKA,1.0
Z1WD,Uszkodzenia mechaniczne -rysy,LOGISTYKA,1.0
Z2WF,Uszkodzenia mechaniczne -rysy,LOGISTYKA,2.0
Z2WF,Uszkodzenia mechaniczne -rysy,LOGISTYKA,2.0
Z2WF,Uszkodzenia mechaniczne -rysy,LOGISTYKA,1.0
Z2WF,Uszkodzenia mechaniczne -rysy,LOGISTYKA,14.0
Z2WF,Uszkodzenia mechaniczne -rysy,LOGISTYKA,15.0
Z3WD,Uszkodzenia mechaniczne -rysy,LOGISTYKA,4.0
Z3WD,Uszkodzenia mechaniczne -rysy,LOGISTYKA,2.0
Z3WD,Uszkodzenia mechaniczne -rysy,LOGISTYKA,6.0
Z2WF,Wada konstrukcji - Pęknięcie/rozklejanie ościeznicy/opasek,KONSTRUKCJA,5.0
Z2WF,Wada konstrukcji - Pęknięcie/rozklejanie ościeznicy/opasek,KONSTRUKCJA,5.0
Z3WD,Wada konstrukcji - Pęknięcie/rozklejanie ościeznicy/opasek,KONSTRUKCJA,5.0
Z3WD,Wada konstrukcji - Pęknięcie/rozklejanie ościeznicy/opasek,KONSTRUKCJA,5.0
Z4WD,Wada konstrukcji - Pęknięcie/rozklejanie ościeznicy/opasek,KONSTRUKCJA,1.0
Z4WD,Wada konstrukcji - Pęknięcie/rozklejanie ościeznicy/opasek,KONSTRUKCJA,1.0
Z2WF,Wada konstrukcji - Pęknięcie/rozklejanie płyty skrzydła/ramiaka/ramy,KONSTRUKCJA,2.0
Z2WF,Wada konstrukcji - Pęknięcie/rozklejanie płyty skrzydła/ramiaka/ramy,KONSTRUKCJA,2.0
Z3WD,Wada konstrukcji - Pęknięcie/rozklejanie płyty skrzydła/ramiaka/ramy,KONSTRUKCJA,2.0
Z3WD,Wada konstrukcji - Pęknięcie/rozklejanie płyty skrzydła/ramiaka/ramy,KONSTRUKCJA,2.0
Z4WD,Wada konstrukcji - Pęknięcie/rozklejanie płyty skrzydła/ramiaka/ramy,KONSTRUKCJA,1.0
Z4WD,Wada konstrukcji - Pęknięcie/rozklejanie płyty skrzydła/ramiaka/ramy,KONSTRUKCJA,1.0
Z2WF,Wada konstrukcji - Wypaczenie ościeżnicy,KONSTRUKCJA,2.0
Z2WF,Wada konstrukcji - Wypaczenie ościeżnicy,KONSTRUKCJA,2.0
Z3WD,Wada konstrukcji - Wypaczenie ościeżnicy,KONSTRUKCJA,1.0
Z3WD,Wada konstrukcji - Wypaczenie ościeżnicy,KONSTRUKCJA,1.0
Z4WF,Wada konstrukcji - Wypaczenie ościeżnicy,KONSTRUKCJA,1.0
Z4WF,Wada konstrukcji - Wypaczenie ościeżnicy,KONSTRUKCJA,1.0
Z1WD,Wada konstrukcji - Wypaczenie skrzydła,KONSTRUKCJA,3.0
Z1WD,Wada konstrukcji - Wypaczenie skrzydła,KONSTRUKCJA,2.0
Z1WD,Wada konstrukcji - Wypaczenie skrzydła,KONSTRUKCJA,5.0
Z2WD,Wada konstrukcji - Wypaczenie skrzydła,KONSTRUKCJA,2.0
Z2WD,Wada konstrukcji - Wypaczenie skrzydła,KONSTRUKCJA,9.0
Z2WF,Wada konstrukcji - Wypaczenie skrzydła,KONSTRUKCJA,1.0
Z2WF,Wada konstrukcji - Wypaczenie skrzydła,KONSTRUKCJA,1.0
Z3WD,Wada konstrukcji - Wypaczenie skrzydła,KONSTRUKCJA,2.0
Z3WD,Wada konstrukcji - Wypaczenie skrzydła,KONSTRUKCJA,2.0
Z3WO,Wada konstrukcji - Wypaczenie skrzydła,KONSTRUKCJA,1.0
Z4WD,Wada konstrukcji - Wypaczenie skrzydła,KONSTRUKCJA,9.0
Z4WD,Wada konstrukcji - Wypaczenie skrzydła,KONSTRUKCJA,9.0
Z4WF,Wada konstrukcji - drzwi Stalowe,KONSTRUKCJA,5.0
Z4WF,Wada konstrukcji - drzwi Stalowe,KONSTRUKCJA,5.0
Z1WD,Wada okuć - Blokowanie zamka Hobes,OKUCIA,2.0
Z1WD,Wada okuć - Blokowanie zamka Hobes,OKUCIA,2.0
Z3WD,Wada okuć - Blokowanie zamka Hobes,OKUCIA,2.0
Z3WD,Wada okuć - Blokowanie zamka Hobes,OKUCIA,2.0
Z2WD,Wada okuć - Blokowanie zamka listwowego LOB,OKUCIA,1.0
Z2WD,Wada okuć - Blokowanie zamka listwowego LOB,OKUCIA,6.0
Z3WD,Wada okuć - Blokowanie zamka listwowego LOB,OKUCIA,1.0
Z3WD,Wada okuć - Blokowanie zamka listwowego LOB,OKUCIA,1.0
Z1WD,Wada okuć - Blokowanie zamka magnetycznego Hafele,OKUCIA,3.0
Z1WD,Wada okuć - Blokowanie zamka magnetycznego Hafele,OKUCIA,3.0
Z2WF,Wada okuć - Blokowanie zamka magnetycznego Hafele,OKUCIA,6.0
Z2WF,Wada okuć - Blokowanie zamka magnetycznego Hafele,OKUCIA,6.0
Z3WD,Wada okuć - Blokowanie zamka magnetycznego Hafele,OKUCIA,5.0
Z3WD,Wada okuć - Blokowanie zamka magnetycznego Hafele,OKUCIA,5.0
Z3WD,Wada okuć - Blokowanie zamka magnetycznego Hafele,OKUCIA,10.0
Z4WD,Wada okuć - Blokowanie zamka magnetycznego Hafele,OKUCIA,6.0
Z4WD,Wada okuć - Blokowanie zamka magnetycznego Hafele,OKUCIA,6.0
Z3WD,Wada okuć - Ciężka praca zawiasów,OKUCIA,2.0
Z3WD,Wada okuć - Ciężka praca zawiasów,OKUCIA,2.0
Z1WD,"Wada okuć - Pozostały asortyment poza (zamkami, zawiasami)",OKUCIA,2.0
Z1WD,"Wada okuć - Pozostały asortyment poza (zamkami, zawiasami)",OKUCIA,1.0
Z1WD,"Wada okuć - Pozostały asortyment poza (zamkami, zawiasami)",OKUCIA,3.0
Z2WD,"Wada okuć - Pozostały asortyment poza (zamkami, zawiasami)",OKUCIA,20.0
Z2WF,"Wada okuć - Pozostały asortyment poza (zamkami, zawiasami)",OKUCIA,9.0
Z2WF,"Wada okuć - Pozostały asortyment poza (zamkami, zawiasami)",OKUCIA,9.0
Z3WD,"Wada okuć - Pozostały asortyment poza (zamkami, zawiasami)",OKUCIA,7.0
Z3WD,"Wada okuć - Pozostały asortyment poza (zamkami, zawiasami)",OKUCIA,7.0
Z3WD,"Wada okuć - Pozostały asortyment poza (zamkami, zawiasami)",OKUCIA,14.0
Z3WO,"Wada okuć - Pozostały asortyment poza (zamkami, zawiasami)",OKUCIA,1.0
Z4WD,"Wada okuć - Pozostały asortyment poza (zamkami, zawiasami)",OKUCIA,4.0
Z4WD,"Wada okuć - Pozostały asortyment poza (zamkami, zawiasami)",OKUCIA,4.0
Z4WF,"Wada okuć - Pozostały asortyment poza (zamkami, zawiasami)",OKUCIA,1.0
Z4WF,"Wada okuć - Pozostały asortyment poza (zamkami, zawiasami)",OKUCIA,1.0
Z1WD,Wada powierzchni - Odchodzenie obrzeża,POWIERZCHNIA,1.0
Z1WD,Wada powierzchni - Odchodzenie obrzeża,POWIERZCHNIA,1.0
Z3WD,Wada powierzchni - Odchodzenie obrzeża,POWIERZCHNIA,1.0
Z3WD,Wada powierzchni - Odchodzenie obrzeża,POWIERZCHNIA,1.0
Z2WF,Wada powierzchni - Powierzchnia ecotop/hightop/unimat plus (poza odchodzeniem foli),POWIERZCHNIA,11.0
Z2WF,Wada powierzchni - Powierzchnia ecotop/hightop/unimat plus (poza odchodzeniem foli),POWIERZCHNIA,8.0
Z2WF,Wada powierzchni - Powierzchnia ecotop/hightop/unimat plus (poza odchodzeniem foli),POWIERZCHNIA,19.0
Z2WF,Wada powierzchni - Powierzchnia ecotop/hightop/unimat plus (poza odchodzeniem foli),POWIERZCHNIA,33.0
Z2WF,Wada powierzchni - Powierzchnia ecotop/hightop/unimat plus (poza odchodzeniem foli),POWIERZCHNIA,34.0
Z2WF,Wada powierzchni - Powierzchnia ecotop/hightop/unimat plus (poza odchodzeniem foli),POWIERZCHNIA,67.0
Z3WD,Wada powierzchni - Powierzchnia ecotop/hightop/unimat plus (poza odchodzeniem foli),POWIERZCHNIA,1.0
Z3WD,Wada powierzchni - Powierzchnia ecotop/hightop/unimat plus (poza odchodzeniem foli),POWIERZCHNIA,1.0
Z3WD,Wada powierzchni - Powierzchnia ecotop/hightop/unimat plus (poza odchodzeniem foli),POWIERZCHNIA,2.0
Z2WD,Wada powierzchni - Powierzchnia laminowana/lamistone/silikstone (poza odchodzeniem foli),POWIERZCHNIA,1.0
Z2WF,Wada powierzchni - Powierzchnia laminowana/lamistone/silikstone (poza odchodzeniem foli),POWIERZCHNIA,1.0
Z2WF,Wada powierzchni - Powierzchnia laminowana/lamistone/silikstone (poza odchodzeniem foli),POWIERZCHNIA,1.0
Z3WD,Wada powierzchni - Powierzchnia laminowana/lamistone/silikstone (poza odchodzeniem foli),POWIERZCHNIA,9.0
Z3WD,Wada powierzchni - Powierzchnia laminowana/lamistone/silikstone (poza odchodzeniem foli),POWIERZCHNIA,9.0
Z3WD,Wada powierzchni - Powierzchnia laminowana/lamistone/silikstone (poza odchodzeniem foli),POWIERZCHNIA,1.0
Z3WD,Wada powierzchni - Powierzchnia laminowana/lamistone/silikstone (poza odchodzeniem foli),POWIERZCHNIA,1.0
Z3WD,Wada powierzchni - Powierzchnia laminowana/lamistone/silikstone (poza odchodzeniem foli),POWIERZCHNIA,2.0
Z3WD,Wada powierzchni - Powierzchnia okleinowana,POWIERZCHNIA,5.0
Z3WD,Wada powierzchni - Powierzchnia okleinowana,POWIERZCHNIA,5.0
Z3WD,Wada powierzchni - Powierzchnia okleinowana,POWIERZCHNIA,5.0
Z3WD,Wada powierzchni - Powierzchnia okleinowana,POWIERZCHNIA,5.0
Z3WD,Wada powierzchni - Powierzchnia okleinowana,POWIERZCHNIA,20.0
Z1WD,Wada powierzchni - powierzchnia malowana,POWIERZCHNIA,31.0
Z1WD,Wada powierzchni - powierzchnia malowana,POWIERZCHNIA,24.0
Z1WD,Wada powierzchni - powierzchnia malowana,POWIERZCHNIA,2.0
Z1WD,Wada powierzchni - powierzchnia malowana,POWIERZCHNIA,57.0
Z3WD,Wada powierzchni - powierzchnia malowana,POWIERZCHNIA,3.0
Z3WD,Wada powierzchni - powierzchnia malowana,POWIERZCHNIA,3.0
Z3WD,Wada powierzchni - powierzchnia malowana,POWIERZCHNIA,6.0
Z4WD,Wada powierzchni - powierzchnia malowana,POWIERZCHNIA,7.0
Z4WD,Wada powierzchni - powierzchnia malowana,POWIERZCHNIA,8.0
Z4WD,Wada powierzchni - powierzchnia malowana,POWIERZCHNIA,15.0
Z4WF,Wada powierzchni - powierzchnia malowana,POWIERZCHNIA,1.0
Z4WF,Wada powierzchni - powierzchnia malowana,POWIERZCHNIA,1.0
Z4WD,Wada powierzchni - Łuszczenie faby ,POWIERZCHNIA,1.0
Z4WD,Wada powierzchni - Łuszczenie faby ,POWIERZCHNIA,1.0
Z4WD,Wada powierzchni - Łuszczenie faby ,POWIERZCHNIA,30.0
Z4WD,Wada powierzchni - Łuszczenie faby ,POWIERZCHNIA,1.0
Z4WD,Wada powierzchni - Łuszczenie faby ,POWIERZCHNIA,32.0
Z2WF,Wada powierzchni- odchodzenie foli Powierzchnia ecotop/hightop/unimat plus,POWIERZCHNIA,3.0
Z2WF,Wada powierzchni- odchodzenie foli Powierzchnia ecotop/hightop/unimat plus,POWIERZCHNIA,3.0
Z2WF,Wada powierzchni- odchodzenie foli Powierzchnia ecotop/hightop/unimat plus,POWIERZCHNIA,28.0
Z2WF,Wada powierzchni- odchodzenie foli Powierzchnia ecotop/hightop/unimat plus,POWIERZCHNIA,12.0
Z2WF,Wada powierzchni- odchodzenie foli Powierzchnia ecotop/hightop/unimat plus,POWIERZCHNIA,40.0
Z3WD,Wada powierzchni- odchodzenie foli Powierzchnia ecotop/hightop/unimat plus,POWIERZCHNIA,2.0
Z3WD,Wada powierzchni- odchodzenie foli Powierzchnia ecotop/hightop/unimat plus,POWIERZCHNIA,1.0
Z3WD,Wada powierzchni- odchodzenie foli Powierzchnia ecotop/hightop/unimat plus,POWIERZCHNIA,3.0
Z2WD,Wada powierzchni- odchodzenie foli Powierzchnia laminowane/lamistone/silkstone,POWIERZCHNIA,1.0
Z3WD,Wada powierzchni- odchodzenie foli Powierzchnia laminowane/lamistone/silkstone,POWIERZCHNIA,2.0
Z3WD,Wada powierzchni- odchodzenie foli Powierzchnia laminowane/lamistone/silkstone,POWIERZCHNIA,2.0
Z3WD,Wada powierzchni- odchodzenie foli Powierzchnia laminowane/lamistone/silkstone,POWIERZCHNIA,4.0
